total_loss,accuracy
1.6188122034072876,19.53
1.598563551902771,21.48
1.5970935821533203,24.74
1.6037408113479614,24.41
1.6129511594772339,24.69
1.5929408073425293,25.0
1.601639747619629,25.89
1.6055127382278442,26.07
1.6055841445922852,25.78
1.590522050857544,26.17
1.5934174060821533,26.28
1.6006786823272705,26.11
1.5909250974655151,26.02
1.583193302154541,26.12
1.6037997007369995,26.46
1.543573260307312,27.44
1.6148923635482788,27.25
1.6019376516342163,27.08
1.5905776023864746,27.26
1.5685713291168213,27.58
1.5793168544769287,27.68
1.575396180152893,27.59
1.5797468423843384,27.58
1.57216477394104,27.7
1.5573872327804565,27.91
1.5592384338378906,28.03
1.5650091171264648,28.3
1.575738787651062,28.26
1.5781458616256714,28.1
1.569265365600586,28.07
1.5679512023925781,28.35
1.5802884101867676,28.37
1.571531057357788,28.55
1.5872972011566162,28.49
1.5517820119857788,28.77
1.5614360570907593,28.78
1.5424779653549194,29.01
1.5793484449386597,28.97
1.534787893295288,29.21
1.5401010513305664,29.41
1.5698859691619873,29.4
1.5539288520812988,29.37
1.5446505546569824,29.43
1.5421644449234009,29.53
1.5604400634765625,29.44
1.5803182125091553,29.36
1.5656768083572388,29.39
1.553998351097107,29.44
1.5523483753204346,29.46
1.5285613536834717,29.56
1.5488696098327637,29.58
1.590425968170166,29.4
1.5591862201690674,29.42
1.5359323024749756,29.51
1.52375066280365,29.6
1.5558642148971558,29.59
1.5254638195037842,29.7
1.563515543937683,29.65
1.5110942125320435,29.78
1.558212399482727,29.7
1.5500948429107666,29.8
1.5435370206832886,29.89
1.5247071981430054,29.91
1.5212655067443848,29.9
1.5090112686157227,30.05
1.5725152492523193,30.0
1.544724464416504,30.04
1.5529412031173706,30.11
1.5150673389434814,30.17
1.5392446517944336,30.22
1.5309804677963257,30.27
1.5124825239181519,30.31
1.5314658880233765,30.33
1.5177091360092163,30.39
1.5196280479431152,30.45
1.5421655178070068,30.5
1.4875335693359375,30.61
1.5207786560058594,30.66
1.5019408464431763,30.74
1.536460280418396,30.7
1.5220983028411865,30.7
1.5374395847320557,30.72
1.5775206089019775,30.67
1.497431755065918,30.69
1.4763520956039429,30.78
1.545108437538147,30.74
1.4629486799240112,30.84
1.5720174312591553,30.74
1.5380146503448486,30.73
1.522217035293579,30.67
1.4644588232040405,30.72
1.5121928453445435,30.79
1.549584150314331,30.75
1.5029628276824951,30.78
1.508808970451355,30.79
1.4778435230255127,30.83
1.5131564140319824,30.81
1.4967553615570068,30.86
1.5182135105133057,30.88
1.5209640264511108,30.93
1.52352774143219,30.97
1.5196224451065063,30.99
1.4825650453567505,31.05
1.4857063293457031,31.17
1.4983103275299072,31.18
1.5668226480484009,31.12
1.5338795185089111,31.1
1.4839143753051758,31.15
1.4265815019607544,31.19
1.512541651725769,31.23
1.5281928777694702,31.26
1.4548789262771606,31.34
1.5319550037384033,31.28
1.505046010017395,31.31
1.491065502166748,31.33
1.4872095584869385,31.38
1.5757853984832764,31.39
1.4474210739135742,31.46
1.5176719427108765,31.44
1.5367231369018555,31.41
1.5401512384414673,31.38
1.4706436395645142,31.39
1.5443612337112427,31.35
1.5122976303100586,31.36
1.49320650100708,31.39
1.5532560348510742,31.39
1.48850417137146,31.43
1.500488519668579,31.49
1.4979535341262817,31.46
1.5277730226516724,31.49
1.4818543195724487,31.55
1.5139812231063843,31.58
1.497423768043518,31.6
1.5114421844482422,31.63
1.4835745096206665,31.68
1.5415546894073486,31.69
1.4901190996170044,31.7
1.5552148818969727,31.71
1.4739642143249512,31.76
1.510422945022583,31.74
1.5223267078399658,31.73
1.4876327514648438,31.71
1.4544076919555664,31.74
1.5131635665893555,31.73
1.5661641359329224,31.72
1.5197268724441528,31.75
1.458285927772522,31.8
1.465611219406128,31.83
1.5010044574737549,31.85
1.4529311656951904,31.9
1.5032049417495728,31.89
1.5013242959976196,31.9
1.5317739248275757,31.9
1.4446439743041992,31.9
1.4912590980529785,31.93
1.510089635848999,31.92
1.5459659099578857,31.92
1.5036580562591553,31.93
1.5025696754455566,31.96
1.4440995454788208,32.01
1.413588285446167,32.07
1.5229947566986084,32.08
1.4851912260055542,32.11
1.4029021263122559,32.15
1.4426769018173218,32.21
1.4664435386657715,32.21
1.5528788566589355,32.22
1.4655789136886597,32.25
1.4700756072998047,32.26
1.4716097116470337,32.29
1.4671038389205933,32.32
1.4428074359893799,32.35
1.4785171747207642,32.35
1.4891725778579712,32.36
1.5068559646606445,32.36
1.4885919094085693,32.37
1.453290343284607,32.38
1.438956379890442,32.41
1.452180027961731,32.4
1.4559000730514526,32.39
1.4771367311477661,32.4
1.4342477321624756,32.43
1.446330189704895,32.48
1.4555222988128662,32.48
1.514236569404602,32.47
1.4729610681533813,32.49
1.3418433666229248,32.58
1.5107957124710083,32.6
1.4552733898162842,32.63
1.4318592548370361,32.67
1.498879313468933,32.69
1.4485176801681519,32.7
1.421798825263977,32.74
1.5876686573028564,32.74
1.5030478239059448,32.74
1.4601376056671143,32.78
1.4229165315628052,32.8
1.4161231517791748,32.83
1.4606027603149414,32.83
1.4514588117599487,32.84
1.4361886978149414,32.87
1.4724892377853394,32.86
1.4122920036315918,32.87
1.472774624824524,32.9
1.4551551342010498,32.94
1.4653902053833008,32.94
1.449560284614563,32.97
1.4358832836151123,32.99
1.4199923276901245,32.99
1.4517918825149536,33.01
1.3724772930145264,33.06
1.4405550956726074,33.06
1.4234673976898193,33.11
1.4456912279129028,33.13
1.3991822004318237,33.15
1.4784477949142456,33.15
1.406129240989685,33.17
1.44634211063385,33.15
1.3810375928878784,33.16
1.4458439350128174,33.18
1.4523638486862183,33.2
1.460994005203247,33.19
1.3341056108474731,33.23
1.5473663806915283,33.23
1.453997015953064,33.27
1.455566167831421,33.3
1.4298412799835205,33.3
1.4109560251235962,33.35
1.4810782670974731,33.35
1.4023069143295288,33.36
1.434194803237915,33.37
1.3401721715927124,33.42
1.4976752996444702,33.4
1.4114606380462646,33.44
1.4101715087890625,33.44
1.386893630027771,33.48
1.3951524496078491,33.51
1.394666075706482,33.54
1.4626542329788208,33.53
1.450636386871338,33.54
1.359487533569336,33.59
1.4097068309783936,33.62
1.5216976404190063,33.62
1.4747353792190552,33.62
1.4218538999557495,33.63
1.4398611783981323,33.66
1.410311222076416,33.7
1.4611828327178955,33.71
1.3402706384658813,33.73
1.389266848564148,33.74
1.3682622909545898,33.79
1.3902188539505005,33.82
1.3407810926437378,33.87
1.3675312995910645,33.9
1.371239423751831,33.93
1.388758897781372,33.95
1.4475431442260742,33.97
1.4569655656814575,33.99
1.388621211051941,34.03
1.3902356624603271,34.04
1.5160465240478516,34.05
1.4558136463165283,34.07
1.3926491737365723,34.1
1.3940421342849731,34.13
1.3584564924240112,34.16
1.411361575126648,34.18
1.3864885568618774,34.2
1.4687823057174683,34.21
1.4238799810409546,34.24
1.3432121276855469,34.3
1.437852382659912,34.3
1.4490216970443726,34.31
1.37653386592865,39.84
1.416367530822754,41.02
1.438226580619812,40.1
1.4349406957626343,39.84
1.439000129699707,39.69
1.3584966659545898,38.8
1.3351714611053467,39.84
1.3706876039505005,39.65
1.3136100769042969,40.36
1.3003525733947754,40.62
1.3671504259109497,40.98
1.450309157371521,40.82
1.3384921550750732,40.93
1.3549469709396362,40.96
1.3531359434127808,40.83
1.3360874652862549,40.72
1.4644120931625366,40.49
1.4533292055130005,40.15
1.4153791666030884,40.05
1.3925204277038574,40.27
1.407063603401184,40.1
1.3425772190093994,40.06
1.4095302820205688,40.08
1.4880080223083496,39.84
1.3827126026153564,40.09
1.3691551685333252,40.14
1.3367388248443604,40.31
1.4778470993041992,40.18
1.3614767789840698,40.44
1.3844135999679565,40.29
1.3144090175628662,40.5
1.3727078437805176,40.6
1.3440927267074585,40.67
1.468878149986267,40.56
1.3188629150390625,40.65
1.3387112617492676,40.73
1.4061821699142456,40.67
1.3982982635498047,40.56
1.4373048543930054,40.52
1.4012402296066284,40.39
1.4341646432876587,40.38
1.2957851886749268,40.64
1.3695822954177856,40.72
1.4119763374328613,40.61
1.406160831451416,40.73
1.4224481582641602,40.61
1.365598440170288,40.56
1.4111167192459106,40.53
1.2860826253890991,40.59
1.4163470268249512,40.67
1.3554291725158691,40.69
1.3903934955596924,40.58
1.3939290046691895,40.49
1.3501720428466797,40.45
1.328532338142395,40.57
1.3401504755020142,40.54
1.3821882009506226,40.53
1.308592438697815,40.61
1.3889516592025757,40.55
1.3806262016296387,40.53
1.3248121738433838,40.48
1.3192877769470215,40.51
1.3089046478271484,40.58
1.4371659755706787,40.55
1.3449923992156982,40.61
1.2980451583862305,40.7
1.416285753250122,40.83
1.3414958715438843,40.89
1.309450626373291,40.91
1.2928720712661743,40.98
1.3840774297714233,41.0
1.4236500263214111,40.99
1.4032069444656372,40.89
1.3723607063293457,40.91
1.3717153072357178,40.94
1.3236292600631714,41.03
1.3095520734786987,41.07
1.4210503101348877,41.01
1.3712661266326904,41.01
1.4190431833267212,40.99
1.3250852823257446,41.07
1.3115744590759277,41.1
1.4363598823547363,41.11
1.3993828296661377,41.09
1.3925949335098267,41.12
1.37688148021698,41.15
1.4070461988449097,41.1
1.2629859447479248,41.17
1.4095568656921387,41.08
1.4488650560379028,41.05
1.2961238622665405,41.15
1.3590807914733887,41.16
1.4050524234771729,41.12
1.466488242149353,41.1
1.2899712324142456,41.13
1.3614400625228882,41.13
1.2813092470169067,41.19
1.3815174102783203,41.18
1.453234314918518,41.17
1.347893238067627,41.17
1.3355028629302979,41.15
1.3252233266830444,41.21
1.2719258069992065,41.27
1.352097511291504,41.28
1.3946754932403564,41.28
1.3543543815612793,41.31
1.4517056941986084,41.24
1.3381855487823486,41.3
1.3027650117874146,41.33
1.3700865507125854,41.33
1.3968297243118286,41.29
1.371619701385498,41.29
1.2744802236557007,41.33
1.3092039823532104,41.34
1.33440101146698,41.42
1.2429265975952148,41.45
1.3781079053878784,41.45
1.3534061908721924,41.49
1.4487651586532593,41.47
1.3518747091293335,41.45
1.3255234956741333,41.47
1.3827742338180542,41.5
1.3342303037643433,41.51
1.3473007678985596,41.53
1.2691547870635986,41.58
1.3858301639556885,41.56
1.1886427402496338,41.64
1.2880007028579712,41.69
1.3235855102539062,41.7
1.363524079322815,41.71
1.293977975845337,41.71
1.3629186153411865,41.68
1.4943132400512695,41.65
1.40994131565094,41.66
1.2456423044204712,41.7
1.2895702123641968,41.74
1.3892146348953247,41.73
1.3895916938781738,41.77
1.3108059167861938,41.79
1.2956500053405762,41.87
1.4241262674331665,41.86
1.3280510902404785,41.86
1.1956335306167603,41.91
1.2549777030944824,41.96
1.3503589630126953,41.99
1.297402024269104,42.01
1.359400987625122,42.01
1.3093656301498413,42.04
1.4066429138183594,42.02
1.346907138824463,42.04
1.3284190893173218,42.04
1.4056388139724731,42.03
1.284557819366455,42.13
1.2752703428268433,42.15
1.258124589920044,42.17
1.3499031066894531,42.17
1.2594772577285767,42.22
1.3323581218719482,42.21
1.4790842533111572,42.17
1.3684029579162598,42.19
1.2900938987731934,42.21
1.3225599527359009,42.25
1.3958158493041992,42.23
1.1897048950195312,42.27
1.280348300933838,42.3
1.3901875019073486,42.3
1.349079966545105,42.3
1.3477004766464233,42.33
1.289288878440857,42.34
1.3211572170257568,42.34
1.3404414653778076,42.32
1.3291022777557373,42.34
1.424553394317627,42.35
1.3285226821899414,42.38
1.2356007099151611,42.41
1.3237844705581665,42.4
1.3658504486083984,42.43
1.2962087392807007,42.48
1.310970664024353,42.5
1.283693552017212,42.53
1.3327661752700806,42.54
1.395078182220459,42.56
1.3151297569274902,42.59
1.2693541049957275,42.62
1.26107919216156,42.67
1.4321327209472656,42.65
1.4517226219177246,42.64
1.2966383695602417,42.64
1.3534131050109863,42.63
1.2819126844406128,42.64
1.336844801902771,42.64
1.3451972007751465,42.64
1.2968615293502808,42.66
1.2671661376953125,42.69
1.3842164278030396,42.69
1.3924702405929565,42.71
1.2551268339157104,42.73
1.207667589187622,42.76
1.393083930015564,42.73
1.2894952297210693,42.78
1.3653945922851562,42.79
1.3361865282058716,42.81
1.3905946016311646,42.79
1.2860995531082153,42.78
1.2208524942398071,42.84
1.3524131774902344,42.85
1.3081073760986328,42.87
1.3197985887527466,42.85
1.3013118505477905,42.87
1.2481915950775146,42.91
1.36474609375,42.93
1.3244118690490723,42.94
1.2551265954971313,42.96
1.319039225578308,42.97
1.2842905521392822,43.01
1.280985951423645,43.04
1.3138929605484009,43.04
1.3166886568069458,43.08
1.3442262411117554,43.06
1.2941826581954956,43.07
1.2650620937347412,43.1
1.3279502391815186,43.12
1.309845209121704,43.13
1.219468355178833,43.15
1.3145540952682495,43.17
1.2799732685089111,43.2
1.313642144203186,43.22
1.311238169670105,43.22
1.345597267150879,43.23
1.2173272371292114,43.27
1.381531000137329,43.27
1.2075072526931763,43.32
1.2765284776687622,43.3
1.2573792934417725,43.33
1.3451768159866333,43.32
1.2225093841552734,43.37
1.1934782266616821,43.4
1.2427183389663696,43.41
1.275423526763916,43.42
1.2560548782348633,43.42
1.2964791059494019,43.45
1.303215742111206,43.45
1.2948977947235107,43.46
1.281370997428894,43.48
1.2847813367843628,43.49
1.358430027961731,43.5
1.2734475135803223,43.51
1.4177340269088745,43.5
1.2668981552124023,43.53
1.2872614860534668,43.54
1.2619906663894653,43.55
1.2476485967636108,43.58
1.289176344871521,43.59
1.3395423889160156,43.59
1.433268427848816,43.55
1.2232271432876587,43.56
1.154145359992981,43.59
1.3232347965240479,43.58
1.2575936317443848,43.61
1.224338173866272,43.63
1.2910696268081665,43.64
1.1721718311309814,43.68
1.3282878398895264,43.69
1.3018006086349487,43.71
1.3387027978897095,43.69
1.2804697751998901,43.69
1.2605020999908447,43.7
1.2623332738876343,43.7
1.225247859954834,43.73
1.2475950717926025,43.73
1.2002736330032349,43.74
1.3017715215682983,43.75
1.320044755935669,43.75
1.3191311359405518,44.92
1.252434253692627,46.35
1.2143752574920654,48.24
1.1985379457473755,49.22
1.257777452468872,49.48
1.2915856838226318,49.0
1.1319208145141602,49.32
1.1638647317886353,49.65
1.3271819353103638,49.38
1.3020436763763428,49.36
1.3050553798675537,49.41
1.268318772315979,49.28
1.3543270826339722,48.6
1.3249582052230835,48.18
1.275200605392456,48.1
1.4074664115905762,47.43
1.312195897102356,47.57
1.1536482572555542,47.82
1.3559346199035645,47.73
1.3699696063995361,47.58
1.2121587991714478,47.69
1.2660874128341675,47.59
1.375839114189148,47.3
1.372085690498352,47.03
1.3310493230819702,46.69
1.1939400434494019,46.88
1.2376344203948975,47.01
1.1598275899887085,47.23
1.228061318397522,47.27
1.214011788368225,47.43
1.2135093212127686,47.56
1.3359979391098022,47.44
1.1815434694290161,47.63
1.2040103673934937,47.77
1.242796778678894,47.83
1.2839106321334839,47.72
1.2792106866836548,47.57
1.2076302766799927,47.68
1.2856600284576416,47.68
1.377130150794983,47.39
1.2205044031143188,47.45
1.29444420337677,47.35
1.206052303314209,47.57
1.3234355449676514,47.59
1.157983660697937,47.67
1.2489652633666992,47.76
1.2255055904388428,47.8
1.1155403852462769,47.9
1.257462739944458,47.89
1.2088030576705933,48.04
1.1949654817581177,48.21
1.1909795999526978,48.29
1.1940721273422241,48.26
1.1974600553512573,48.21
1.2418434619903564,48.19
1.2375128269195557,48.16
1.2886637449264526,48.13
1.2498679161071777,48.09
1.2254880666732788,48.11
1.2219666242599487,48.1
1.1920932531356812,48.16
1.1851826906204224,48.2
1.2550321817398071,48.22
1.2222195863723755,48.27
1.2091397047042847,48.26
1.3773702383041382,48.12
1.237151026725769,48.09
1.3671765327453613,48.02
1.1983569860458374,48.04
1.2679888010025024,48.03
1.3499382734298706,47.95
1.1992520093917847,47.96
1.1998341083526611,48.0
1.2377285957336426,47.97
1.273768663406372,47.97
1.1999927759170532,47.91
1.303741693496704,47.79
1.2205595970153809,47.79
1.1760681867599487,47.82
1.2893301248550415,47.82
1.2600041627883911,47.93
1.2373216152191162,47.91
1.1621036529541016,47.93
1.285319447517395,47.91
1.177200436592102,47.95
1.1693108081817627,48.03
1.2308253049850464,48.06
1.197525978088379,48.16
1.183048963546753,48.24
1.1921981573104858,48.27
1.1211735010147095,48.39
1.182289481163025,48.42
1.2869492769241333,48.4
1.219533085823059,48.37
1.283194899559021,48.35
1.2002918720245361,48.4
1.2333643436431885,48.38
1.2784769535064697,48.37
1.2492316961288452,48.34
1.2561908960342407,48.31
1.3269612789154053,48.31
1.2207996845245361,48.33
1.259307861328125,48.32
1.1648575067520142,48.39
1.1127970218658447,48.42
1.1286442279815674,48.47
1.139360785484314,48.52
1.1474508047103882,48.6
1.2460020780563354,48.61
1.2969945669174194,48.56
1.208274483680725,48.6
1.3461393117904663,48.55
1.1148065328598022,48.62
1.1876602172851562,48.65
1.0867345333099365,48.71
1.1234787702560425,48.76
1.207804560661316,48.8
1.3261126279830933,48.76
1.2692285776138306,48.74
1.1630135774612427,48.78
1.1930021047592163,48.81
1.0602585077285767,48.88
1.1583759784698486,48.93
1.2419967651367188,48.87
1.2415460348129272,48.91
1.2859145402908325,48.89
1.180603265762329,48.91
1.2166768312454224,48.89
1.1726480722427368,48.88
1.2654629945755005,48.91
1.121833324432373,48.98
1.347849726676941,48.97
1.123186707496643,49.04
1.270311951637268,49.03
1.4052618741989136,48.97
1.179714560508728,48.96
1.2551366090774536,48.94
1.2326995134353638,49.0
1.2491923570632935,49.01
1.2137659788131714,49.03
1.1880249977111816,49.05
1.2890523672103882,49.01
1.279468059539795,48.97
1.1449781656265259,49.01
1.2393198013305664,48.99
1.187637448310852,49.03
1.2140010595321655,49.03
1.2262171506881714,48.99
1.1925863027572632,49.07
1.1154865026474,49.1
1.173364520072937,49.13
1.1311599016189575,49.15
1.2297712564468384,49.1
1.165945291519165,49.12
1.2607948780059814,49.12
1.1134754419326782,49.2
1.1506969928741455,49.23
1.1790807247161865,49.23
1.2770053148269653,49.23
1.14994478225708,49.28
1.263506531715393,49.25
1.159243106842041,49.25
1.105112075805664,49.29
1.1626992225646973,49.29
1.1727206707000732,49.31
1.1771107912063599,49.35
1.158352255821228,49.38
1.2234816551208496,49.39
1.1826555728912354,49.37
1.1915092468261719,49.37
1.1810038089752197,49.4
1.1789746284484863,49.4
1.255756139755249,49.39
1.2099254131317139,49.39
1.1520507335662842,49.4
1.1560405492782593,49.44
1.2069833278656006,49.44
1.0910929441452026,49.48
1.1887693405151367,49.5
1.1757264137268066,49.51
1.2500133514404297,49.51
1.2005339860916138,49.5
1.1783573627471924,49.52
1.272016167640686,49.52
1.2763140201568604,49.5
1.2470358610153198,49.5
1.2851746082305908,49.48
1.2029376029968262,49.47
1.2466338872909546,49.47
1.1448246240615845,49.53
1.1551398038864136,49.53
1.1423543691635132,49.54
1.1180001497268677,49.57
1.1756377220153809,49.58
1.0826038122177124,49.62
1.1588438749313354,49.64
1.1384433507919312,49.69
1.217189908027649,49.69
1.218336582183838,49.71
1.2255431413650513,49.7
1.2378767728805542,49.69
1.1887726783752441,49.7
1.3148235082626343,49.67
1.2576038837432861,49.65
1.3018664121627808,49.62
1.1627336740493774,49.62
1.0704131126403809,49.67
1.357262372970581,49.63
1.3468571901321411,49.61
1.1611698865890503,49.66
1.1827149391174316,49.67
1.1174123287200928,49.68
1.2702957391738892,49.66
1.1306750774383545,49.68
1.2118979692459106,49.7
1.1542428731918335,49.73
1.203873872756958,49.73
1.0939818620681763,49.76
1.2307372093200684,49.76
1.0766990184783936,49.77
1.2331005334854126,49.79
1.1743243932724,49.79
1.2252286672592163,49.8
1.065954566001892,49.85
1.1874628067016602,49.84
1.0620906352996826,49.87
1.2768456935882568,49.86
1.264080286026001,49.83
1.1890472173690796,49.82
1.2275840044021606,49.83
1.377817153930664,49.77
1.1975619792938232,49.76
1.1784080266952515,49.77
1.1913533210754395,49.77
1.1490617990493774,49.8
1.229776382446289,49.8
1.267137885093689,49.8
1.103635549545288,49.84
1.1108847856521606,49.87
1.1872152090072632,49.88
1.1478239297866821,49.87
1.2336978912353516,49.86
1.2047392129898071,49.86
1.2059980630874634,49.87
1.2341961860656738,49.84
1.175296664237976,49.86
1.1929823160171509,49.87
1.1135199069976807,49.89
1.2043635845184326,49.89
1.3289849758148193,49.88
1.081552505493164,49.91
1.13666832447052,49.92
1.1738848686218262,49.93
1.1882911920547485,49.93
1.1621757745742798,49.92
1.1078706979751587,49.95
1.3056920766830444,49.93
1.1805990934371948,49.93
1.116568684577942,49.95
1.1265567541122437,49.97
1.1041264533996582,50.01
1.2416059970855713,50.0
1.1174099445343018,50.03
1.2277095317840576,50.03
1.0791001319885254,50.06
1.151808500289917,50.09
1.1985893249511719,50.08
1.1174194812774658,50.1
1.1734716892242432,50.11
1.2800267934799194,50.12
1.1201107501983643,50.13
1.2654850482940674,43.75
1.1035031080245972,47.66
1.0662366151809692,50.0
1.1513265371322632,50.78
1.0623154640197754,52.66
1.2702902555465698,51.17
1.0141770839691162,52.46
1.1117905378341675,53.22
1.133230209350586,53.91
1.0845284461975098,54.22
1.104795217514038,54.4
1.0274908542633057,55.14
1.2717175483703613,54.33
1.0007251501083374,54.97
1.1474374532699585,54.79
1.20601487159729,54.49
1.1262307167053223,54.6
1.1969527006149292,54.21
1.225351333618164,54.15
1.068030834197998,54.45
1.0418119430541992,54.46
1.1994812488555908,54.44
1.0483918190002441,54.65
1.0400562286376953,54.72
1.1976388692855835,54.66
1.1077220439910889,54.78
1.2330459356307983,54.46
1.2160604000091553,54.41
1.1210904121398926,54.5
1.2224280834197998,54.45
1.1446181535720825,54.39
1.1834654808044434,54.35
1.110482096672058,54.43
1.1705524921417236,54.39
1.1346607208251953,54.53
1.127602219581604,54.58
1.0865713357925415,54.6
1.1576337814331055,54.69
1.111407995223999,54.75
1.1232335567474365,54.77
1.2030407190322876,54.69
1.1115615367889404,54.76
1.0680569410324097,54.8
1.2496110200881958,54.58
1.1104615926742554,54.7
1.2182707786560059,54.62
1.2164546251296997,54.49
1.1011512279510498,54.56
1.2472507953643799,54.43
1.1525731086730957,54.44
1.1118216514587402,54.46
1.0970479249954224,54.43
1.2949901819229126,54.25
1.1142436265945435,54.28
1.108958125114441,54.32
0.968468964099884,54.49
1.2014679908752441,54.5
1.1008650064468384,54.54
1.1295404434204102,54.48
1.1096396446228027,54.51
1.0525166988372803,54.64
1.1649634838104248,54.6
1.2504758834838867,54.53
1.1955965757369995,54.58
1.15536367893219,54.52
1.0802825689315796,54.64
1.1339759826660156,54.73
1.1043784618377686,54.68
1.20493745803833,54.68
1.1517084836959839,54.68
1.0783765316009521,54.68
0.9989534616470337,54.79
1.0906445980072021,54.78
1.050399661064148,54.81
1.1967521905899048,54.78
1.240834355354309,54.72
1.1014413833618164,54.79
1.1007843017578125,54.81
1.1036561727523804,54.93
1.1407698392868042,54.95
1.111763596534729,54.98
1.2079540491104126,54.93
1.237771987915039,54.86
1.1204957962036133,54.94
1.1462512016296387,54.95
1.2052655220031738,54.93
1.1281886100769043,54.93
1.0587024688720703,54.99
1.1565343141555786,54.97
1.1367790699005127,54.97
1.1071102619171143,54.99
1.117177128791809,54.99
1.2000606060028076,54.9
0.9955786466598511,54.94
1.1358531713485718,54.96
1.2538622617721558,54.92
1.0351663827896118,54.97
1.1224578619003296,54.97
1.0648168325424194,54.92
1.1199818849563599,54.94
1.0534069538116455,54.99
1.2371654510498047,54.94
1.0253257751464844,55.03
1.1775439977645874,54.99
1.1848556995391846,54.98
1.1082247495651245,54.99
1.1005923748016357,55.03
1.119978427886963,55.03
1.0811723470687866,55.02
1.0657020807266235,55.01
1.0780022144317627,55.03
1.051316738128662,55.03
0.9671819806098938,55.12
1.0637714862823486,55.18
1.096244215965271,55.17
1.020145297050476,55.23
1.0772069692611694,55.22
1.0335116386413574,55.25
1.1938284635543823,55.25
1.158578872680664,55.2
1.109049916267395,55.18
1.0282570123672485,55.18
1.023545265197754,55.23
1.0280358791351318,55.29
1.0452919006347656,55.33
1.107032299041748,55.34
1.213828444480896,55.31
1.0639642477035522,55.36
1.1977256536483765,55.3
1.3114407062530518,55.22
1.2444512844085693,55.2
1.1606944799423218,55.18
1.04866361618042,55.2
1.0451762676239014,55.24
0.9830490350723267,55.3
0.9835195541381836,55.34
1.1049892902374268,55.34
1.078253984451294,55.34
1.1217128038406372,55.37
1.1206932067871094,55.36
1.1904526948928833,55.31
1.2270421981811523,55.29
1.1657607555389404,55.24
1.1336684226989746,55.23
1.1641961336135864,55.2
1.0837233066558838,55.2
1.081911325454712,55.18
1.1078788042068481,55.18
1.1341297626495361,55.16
1.089987874031067,55.18
1.3032737970352173,55.13
1.0776517391204834,55.11
1.0665671825408936,55.12
1.0420527458190918,55.16
1.1114015579223633,55.12
1.104315161705017,55.12
1.1813112497329712,55.1
1.080594778060913,55.14
1.1706806421279907,55.11
1.0605837106704712,55.13
1.0642327070236206,55.14
1.1765681505203247,55.13
1.1250064373016357,55.13
1.1430212259292603,55.11
1.0866342782974243,55.12
1.0489213466644287,55.13
1.055856466293335,55.16
1.0666555166244507,55.18
1.0489836931228638,55.2
0.9580719470977783,55.28
1.0627870559692383,55.3
1.1198548078536987,55.32
1.20588219165802,55.28
1.1307268142700195,55.27
1.0645054578781128,55.27
0.966762363910675,55.31
1.0423895120620728,55.33
1.1892632246017456,55.32
1.0370135307312012,55.35
1.0305712223052979,55.37
1.0296164751052856,55.39
1.1805624961853027,55.36
1.007477045059204,55.38
1.1193804740905762,55.39
0.9463063478469849,55.45
1.233292818069458,55.43
1.0673699378967285,55.46
1.07357919216156,55.45
1.073716163635254,55.48
1.1130399703979492,55.51
1.0385891199111938,55.54
1.0809894800186157,55.55
1.14442777633667,55.55
0.9764605164527893,55.59
1.0943186283111572,55.58
1.047065019607544,55.6
1.1155409812927246,55.61
1.189984679222107,55.59
1.0503804683685303,55.58
1.1584428548812866,55.57
0.9288025498390198,55.61
1.0919150114059448,55.61
1.076714038848877,55.61
0.9838564991950989,55.62
1.0169596672058105,55.64
1.0195084810256958,55.67
1.04594886302948,55.68
1.0547263622283936,55.66
0.9590282440185547,55.69
1.0781481266021729,55.7
1.1224417686462402,55.73
1.086309552192688,55.75
0.996804416179657,55.75
1.0817513465881348,55.76
0.9248985648155212,55.82
1.0385076999664307,55.83
1.0485358238220215,55.84
1.1668933629989624,55.81
1.0635331869125366,55.82
1.0365383625030518,55.85
1.093407154083252,55.85
1.0423901081085205,55.88
1.193224310874939,55.86
1.0405256748199463,55.88
1.102278232574463,55.9
1.0920337438583374,55.91
0.9638341069221497,55.93
1.182769775390625,55.92
1.1107043027877808,55.91
1.04917573928833,55.93
1.1334784030914307,55.94
1.0283210277557373,55.95
1.1234797239303589,55.95
0.8585829138755798,56.0
1.099232792854309,55.98
1.114927887916565,55.98
1.1175028085708618,55.98
1.054060697555542,55.99
1.0546438694000244,56.0
1.0931894779205322,56.02
1.098651647567749,56.02
1.0054579973220825,56.05
0.932698130607605,56.09
1.0678141117095947,56.09
1.0893150568008423,56.1
1.036068320274353,56.13
1.0686089992523193,56.14
1.0508251190185547,56.15
1.0172687768936157,56.16
1.0051746368408203,56.18
1.1251134872436523,56.19
1.2307465076446533,56.18
1.155727505683899,56.17
1.0094560384750366,56.19
1.0174455642700195,56.19
0.9284939765930176,56.23
1.0901845693588257,56.24
1.001077651977539,56.27
1.056392788887024,56.27
1.1458772420883179,56.26
0.9404333233833313,56.28
1.0073879957199097,56.29
1.0698236227035522,56.31
1.0765380859375,56.29
1.0012389421463013,56.3
1.0484949350357056,56.31
0.9901129007339478,56.33
0.9698240756988525,56.35
1.1662112474441528,56.36
0.9769495129585266,56.38
1.042107105255127,56.4
1.0300339460372925,56.4
1.017677664756775,64.84
1.1306952238082886,58.98
1.0651212930679321,57.55
1.000481128692627,59.57
1.1297777891159058,59.22
0.9907820224761963,59.77
0.9914051294326782,59.82
1.1185343265533447,58.98
1.0574769973754883,59.11
1.0960716009140015,58.52
1.1334397792816162,58.24
1.0708814859390259,58.07
1.1897130012512207,57.99
1.0035310983657837,58.04
1.1344366073608398,58.07
1.057186245918274,57.86
1.021201491355896,58.13
1.0273821353912354,58.46
1.0891468524932861,58.59
1.1260648965835571,58.13
1.0538398027420044,58.22
0.9575554132461548,58.59
1.0619953870773315,58.49
1.0462617874145508,58.53
0.9505786299705505,58.78
0.9323273301124573,58.86
1.1418662071228027,58.8
1.0345268249511719,58.73
1.0296036005020142,58.7
0.9496504664421082,58.75
1.0583271980285645,58.9
1.011857509613037,58.96
1.0519039630889893,58.97
1.0756433010101318,58.92
1.0195481777191162,58.86
0.9769126176834106,59.03
1.2530956268310547,58.78
1.0211783647537231,58.88
1.1255301237106323,58.85
1.0651240348815918,58.79
0.9352944493293762,58.94
1.0220069885253906,58.98
0.9763864874839783,59.01
0.9822168350219727,59.09
1.0199334621429443,59.13
0.92376309633255,59.19
1.0164073705673218,59.19
1.0431054830551147,59.15
1.01682448387146,59.15
1.0298552513122559,59.13
1.0264840126037598,59.16
0.9944493174552917,59.27
1.091529130935669,59.26
0.873512327671051,59.45
1.104518175125122,59.43
0.9825594425201416,59.56
1.158135175704956,59.43
0.9853854775428772,59.43
1.0697059631347656,59.47
0.9156298637390137,59.67
0.972625195980072,59.7
1.0185129642486572,59.6
1.0989010334014893,59.54
1.0017403364181519,59.63
0.9904142618179321,59.68
1.0061006546020508,59.67
1.0712666511535645,59.56
1.0938102006912231,59.52
1.0656899213790894,59.49
0.9545882940292358,59.54
1.040035367012024,59.5
0.9916255474090576,59.56
1.0577279329299927,59.55
0.9949617385864258,59.58
0.99685138463974,59.58
1.0821584463119507,59.55
0.9006317853927612,59.58
0.971784234046936,59.61
1.0676887035369873,59.56
0.9427671432495117,59.63
0.9410837888717651,59.68
1.114692211151123,59.62
1.0734349489212036,59.59
0.970220148563385,59.65
1.0287586450576782,59.67
1.0147716999053955,59.67
1.0171085596084595,59.67
1.02766752243042,59.66
0.9816257953643799,59.7
0.8956446647644043,59.73
1.0517654418945312,59.74
1.0368050336837769,59.72
0.843643307685852,59.84
0.9930096864700317,59.82
1.0367863178253174,59.79
0.9957758784294128,59.82
0.884998083114624,59.9
1.033173680305481,59.88
1.0642037391662598,59.91
1.0052202939987183,59.91
1.0564494132995605,59.91
1.0279051065444946,59.9
1.056318759918213,59.93
0.8932325839996338,59.96
0.9611779451370239,60.0
1.0015283823013306,60.02
1.0860639810562134,60.02
1.0331286191940308,60.0
0.991023600101471,60.03
1.0082283020019531,60.0
1.0466325283050537,59.99
1.0247161388397217,60.01
0.9952542781829834,60.09
1.0304770469665527,60.09
0.9723458886146545,60.12
1.0375030040740967,60.12
0.9589349031448364,60.15
0.955807089805603,60.19
0.9041919708251953,60.25
0.9639496803283691,60.25
0.8739867806434631,60.32
1.0072163343429565,60.3
1.1333345174789429,60.27
0.9883686304092407,60.28
0.9694661498069763,60.29
0.8999045491218567,60.34
0.9951039552688599,60.37
1.114794135093689,60.36
0.8817304968833923,60.4
1.0223166942596436,60.38
0.8703235387802124,60.44
0.91285240650177,60.47
0.8542092442512512,60.54
0.9846757650375366,60.53
0.9129898548126221,60.56
0.9871227741241455,60.6
0.978741466999054,60.64
0.8854314088821411,60.67
1.046263575553894,60.64
1.0848997831344604,60.61
0.9352158308029175,60.64
1.0733966827392578,60.64
1.0342308282852173,60.64
1.0249475240707397,60.66
0.8354003429412842,60.7
0.9063076972961426,60.74
0.9218420386314392,60.76
0.9660550951957703,60.76
0.9628924131393433,60.77
1.0188701152801514,60.76
1.016505241394043,60.76
1.0206154584884644,60.76
1.0323513746261597,60.74
0.9922604560852051,60.73
1.0948461294174194,60.73
1.0285789966583252,60.69
1.0202982425689697,60.69
1.0161253213882446,60.69
1.028088092803955,60.68
0.9246371984481812,60.72
0.9482985138893127,60.75
1.0615451335906982,60.74
0.9411963820457458,60.76
1.0017532110214233,60.78
0.9085682034492493,60.8
0.8804402351379395,60.81
0.9216529130935669,60.85
0.9717061519622803,60.84
0.8698546886444092,60.88
0.9523985385894775,60.87
0.9610680341720581,60.87
0.9845104217529297,60.88
0.9796736240386963,60.89
0.9809459447860718,60.91
0.8722991943359375,60.94
0.9003556966781616,60.97
0.8861508965492249,60.99
1.0959229469299316,60.98
0.8027366399765015,61.02
0.9179468154907227,61.03
0.9614693522453308,61.05
0.9481608867645264,61.07
1.0467021465301514,61.03
0.9993348717689514,61.02
0.9908642768859863,61.01
1.07984459400177,60.96
0.9169912338256836,61.01
0.9500657916069031,61.03
1.0499719381332397,61.0
0.9527422785758972,61.02
0.9868017435073853,61.04
1.0368549823760986,61.01
0.9729994535446167,61.02
0.8154026865959167,61.07
0.9078947901725769,61.12
0.8752307891845703,61.16
0.9564692974090576,61.16
0.8547932505607605,61.19
0.9093108177185059,61.23
1.034676432609558,61.22
0.9893973469734192,61.23
1.0121690034866333,61.24
1.0467219352722168,61.24
0.9027789235115051,61.26
0.974416971206665,61.28
1.0314615964889526,61.27
0.8780223727226257,61.28
0.8906055688858032,61.3
1.0252882242202759,61.27
0.8325531482696533,61.32
1.0650131702423096,61.31
1.0772416591644287,61.29
1.085835576057434,61.27
0.9097088575363159,61.3
1.0134525299072266,61.32
0.9374513030052185,61.33
1.0599586963653564,61.35
0.9849069714546204,61.35
0.8599523305892944,61.4
0.9365330934524536,61.41
0.9421870112419128,61.44
0.9711023569107056,61.45
0.944664478302002,61.47
1.0595513582229614,61.44
0.9281429648399353,61.45
1.0133495330810547,61.45
0.8965654969215393,61.46
0.9479972124099731,61.46
0.9270445108413696,61.48
0.9453997611999512,61.49
0.9479719996452332,61.51
0.939765214920044,61.52
0.9395291209220886,61.52
1.1810791492462158,61.47
1.059518575668335,61.46
0.9316267967224121,61.44
0.9815911650657654,61.45
0.9352219700813293,61.45
1.0013127326965332,61.46
0.9068267941474915,61.49
0.9768240451812744,61.51
0.8491901159286499,61.53
0.7732704877853394,61.57
0.8914781212806702,61.57
0.9299556016921997,61.59
1.1545665264129639,61.55
1.075705885887146,61.54
1.135131597518921,61.51
0.888947069644928,61.51
1.0577671527862549,61.5
0.8848781585693359,61.53
0.9965016841888428,61.54
0.9040441513061523,61.55
0.9357840418815613,61.56
0.9079343676567078,61.58
1.0205806493759155,61.57
0.908958911895752,61.58
0.9587600827217102,61.58
0.8930729627609253,61.6
0.9093776941299438,61.62
0.8134528398513794,61.66
0.8607084155082703,61.69
1.1163537502288818,61.66
0.8515008091926575,61.68
0.909646213054657,61.69
0.8948901295661926,61.7
0.8730185627937317,61.72
1.0163886547088623,61.72
0.9970043301582336,61.72
1.2145531177520752,61.68
0.9506383538246155,61.67
1.0060955286026,61.66
